{"cameraMode":{"drawMode":0,"name":"Shaded","section":"Shading Mode"},"sceneLighting":false,"audioPlay":false,"sceneViewState":{"showFog":false,"showMaterialUpdate":false,"showSkybox":false,"showFlares":false,"showImageEffects":false,"showParticleSystems":false},"in2DMode":false,"pivot":{"x":16.82001495361328,"y":0.3125455379486084,"z":-25.582324981689454},"rotation":{"x":0.0015349594177678228,"y":0.940166175365448,"z":-0.004240523092448711,"w":0.3407570719718933},"size":42.055137634277347,"orthographic":false}